[{"type":"class","inherit":"GeoElement","constructor":null,"fields":[{"type":"field","datatype":"bool","name":"allowMultiline","description":"获取或设置是否允许多行"},{"type":"field","datatype":"bool","name":"allowWrap","description":"获取或设置是否允许自动换行"},{"type":"field","datatype":"string","name":"foreColor","description":"获取或设置文本颜色"},{"type":"field","datatype":"number","name":"fontSize","description":"获取或设置文字大小"},{"type":"field","datatype":"bool","name":"isGraphicText","description":"获取或设置文本是否为图形文字，Unicode编码文字，默认为false"},{"type":"field","datatype":"string","name":"fontFamliy","description":"获取或设置文本字体"},{"type":"field","datatype":"number","name":"align","description":"获取或设置对齐方式"},{"type":"field","datatype":"string","name":"text","description":"获取或设置文本"},{"type":"field","datatype":"string","name":"drawText","description":"获取真实绘制的文本"},{"type":"field","datatype":"number","name":"textStyle","description":"获取或设置文本的样式"},{"type":"field","datatype":"Array","name":"textlines","description":"获取文本的行集合"},{"type":"field","datatype":"Rect","name":"textRect","description":"获取或设置文本所形成的矩形区域"},{"type":"field","datatype":"Point","name":"pointLines","description":"获取文本的行位置坐标定位"},{"type":"field","datatype":"Point","name":"lineHeight","description":"获取或设置行高"}],"functions":[{"type":"function","params":[{"type":"param","datatype":"string","name":"text","description":" true 追加的文本"}],"return":null,"name":"appendLine(text)","description":"追加一行文本"},{"type":"function","params":[],"return":"Rect文本所形成的矩形区域","name":"getTextRect()","description":"获取文本所形成的矩形区域"},{"type":"function","params":[],"return":"number行高","name":"getLineHeight()","description":"获取文本的行高"},{"type":"function","params":[{"type":"param","datatype":"Graphic","name":"g","description":" true 绘制对象"},{"type":"param","datatype":"string[]","name":"lines","description":" true 文本行"}],"return":"Rect 文本的矩形位置","name":"measureLines(g, lines)","description":"计算文本行的位置"},{"type":"function","params":[{"type":"param","datatype":"Graphic","name":"g","description":" true 绘制对象"}],"return":"Rect 文本的矩形位置","name":"measureText(g)","description":"计算文本的矩形范围"}],"name":"BaseTextElement","description":"基础文字处理"}]