[{"type":"class","inherit":null,"constructor":null,"fields":[{"type":"field","datatype":"number","name":"id","description":"获取元素的唯一ID，该id为系统自动生成"},{"type":"field","datatype":"number","name":"id","description":"获取当前元素是否无效，从而导致重新渲染"},{"type":"field","datatype":"Element","name":"parent","description":"获取父元素"},{"type":"field","datatype":"Stage","name":"stage","description":"获取元素所属的舞台"},{"type":"field","datatype":"Object","name":"events","description":"元素所绑定的事件"},{"type":"field","datatype":"bool","name":"isdisposed","description":"获取该元素是否已清理释放"}],"functions":[{"type":"function","params":[],"return":null,"name":"invalidLayout","description":"使当前布局无效,并导致重新布局"},{"type":"function","params":[],"return":"Element","name":"clone","description":"克隆当前元素"},{"type":"function","params":[],"return":null,"name":"serialize","description":"序列化元素"},{"type":"function","params":[],"return":null,"name":"getOutRect","description":"获取几何元素外框形成的矩形区域，包含边框及文本区域"},{"type":"function","params":[{"type":"param","datatype":"Element","name":"ele","description":" true 比较的元素"}],"return":null,"name":"equals","description":"两个元素是否相同"},{"type":"function","params":[],"return":null,"name":"dispose","description":"释放该元素调用的所有资源"}],"name":"Element","description":"元素基类,所有元素都将继承至此"}]