[{"type":"enum","name":"Position","description":"位置\\r\\nFree: 0,\\r\\nTopLeft: 4,\\r\\nTopRight: 5,\\r\\nBottomLeft: 7,\\r\\nBottomRight: 8"},{"type":"enum","name":"ArrowDirection","description":"箭头方向\\r\\nLeft: 1,\\r\\nRight: 2,\\r\\nBoth: 3,\\r\\nNone: 0"},{"type":"enum","name":"TextStyle","description":"文本样式\\r\\nNone: 0,\\r\\nUnderLine: 1,\\r\\nDeleteLine: 2"},{"type":"enum","name":"ArrowStyle","description":"箭头样式\\r\\nTriangle: 1,\\r\\nArrow: 2,\\r\\nCircle: 3,\\r\\nRect: 4,\\r\\nNone: 0"},{"type":"enum","name":"LineStyle","description":"直线样式\\r\\nSolid: 0,\\r\\nDotted: 1"},{"type":"enum","name":"Direction","description":"方向\\r\\nTop: -1,\\r\\nRight: -2,\\r\\nBottom: 1,\\r\\nLeft: 2"},{"type":"enum","name":"LayerMode","description":"层类型\\r\\nAction: 0,\\r\\nForce: 1,\\r\\nBackground: 2,\\r\\nVirtual: 3"},{"type":"enum","name":"SceneMode","description":"场景模式\\r\\nSingleSelect: 1, 单选模式，允许单元素选中\\r\\nMultipleSelect: 2, 多选择模式，允许多元素选中\\r\\nDrag: 4, 拖拽模式，允许拖拽元素\\r\\nEdit: 8, 元素移动模式，允许进行元素移动\\r\\nMove: 16, 移动模式，只允许场景整体平移缩放等\\r\\nNonAction: 32, 无事件模式，不响应元素及场景的各种动作命令\\r\\nNonAnimation: 64, 无动画模式\\r\\nNormal: 1 | 2 | 4 | 8, 普通模式，默认场景模式\\r\\nPreview: 32 | 64 预览模式"},{"type":"enum","name":"Status","description":"元素的状态，此为元素状态枚举值，状态的叠加为按位异或\\r\\nNone: 1,初始\\r\\nSelected: 2, 被选中\\r\\nDraging: 4, 拖拽中\\r\\nEditing: 8, 进行编辑状态\\r\\nHover: 16, 悬停状态\\r\\nNodeHover: 32  端点悬停状态"},{"type":"enum","name":"EditMode","description":"元素的编辑状态枚举\\r\\nSelect: 0,选中\\r\\nScale: 1, 缩放\\r\\nRotate: 2, 旋转(未实现)\\r\\nFree: 3, 多边形自由调整\\r\\nNodeControl: 4, 节点控制"},{"type":"enum","name":"EndPointMode","description":"EndPoint端点类型枚举\\r\\nStart: 0, 开始端点，主要应用Line中\\r\\nEnd: 1,  结束端点，主要应用Line中\\r\\nMiddle: 2,  中间端点，主要应用Line中\\r\\nCenter: 3, 中心端点，主要应用Rect中\\r\\nTopLeft: 11,  左上端点，主要应用Rect中\\r\\nTopRight: 12,  右上端点，主要应用Rect中\\r\\nBottomLeft: 13,  左下端点，主要应用Rect中\\r\\nBottomRight: 14,  右下端点，主要应用Rect中\\r\\nMiddleLeft: 15,  左中端点，主要应用Rect中\\r\\nMiddleRight: 16,  右中端点，主要应用Rect中\\r\\nMiddleTop: 17,  中上端点，主要应用Rect中\\r\\nMiddleBottom: 18,  中下端点，主要应用Rect中\\r\\nFree: 31"},{"type":"enum","name":"Align","description":"对齐模式\\r\\nCenter: 0, 居中对齐\\r\\nMiddleLeft: 1,  左中\\r\\nMiddleRight: 2,  右中\\r\\nTopMiddle: 3, 顶部居中\\r\\nTopLeft: 4,  左上\\r\\nTopRight: 5,  右上\\r\\nBottomMiddle: 6,  底部居中\\r\\nBottomLeft: 7,  左下\\r\\nBottomRight: 8,  右下\\r\\nStart: 10,  开始位置，应用于Line\\r\\nEnd: 11,  结束位置，应用于Line"}]