[{"type":"class","inherit":"Element","constructor":null,"fields":[{"type":"field","datatype":"number","name":"x","description":"元素的x坐标"},{"type":"field","datatype":"number","name":"y","description":"元素的y坐标"},{"type":"field","datatype":"number","name":"center","description":"获取元素的中心位置"},{"type":"field","datatype":"string","name":"backgroundColor","description":"获取或设置背景色,red,rgb(123,123,125),#efefef"},{"type":"field","datatype":"string","name":"borderColor","description":"获取或设置边框颜色"},{"type":"field","datatype":"number","name":"borderSize","description":"获取或设置边框大小"},{"type":"field","datatype":"number","name":"scale","description":"获取或设置缩放比例"},{"type":"field","datatype":"number","name":"shadow","description":"获取或设置阴影大小"},{"type":"field","datatype":"bool","name":"visible","description":"获取或设置该元素是否显示"},{"type":"field","datatype":"Image","name":"backgroundImage","description":"背景图"},{"type":"field","datatype":"string","name":"backgroundImageUrl","description":"背景图Url,当设置此参数后，backgroundImage将被自动赋值"},{"type":"field","datatype":"string","name":"highlightColor","description":"获取或设置元素的高亮颜色"},{"type":"field","datatype":"Scene","name":"scene","description":"获取元素所属的场景"},{"type":"field","datatype":"Layer","name":"layer","description":"元素所在的层"},{"type":"field","datatype":"Rect","name":"drawBounds","description":"获取元素所呈现的真实矩形大小"},{"type":"field","datatype":"number","name":"status","description":"获取元素的当前状态，\\r\\n此值为Status的枚举值，当状态为叠加时为按位与计算\\r\\n例如：选中状态下悬停,值为 (2|16)=18"},{"type":"field","datatype":"bool","name":"canDrag","description":"是否允许拖拽"},{"type":"field","datatype":"bool","name":"canEdit","description":"是否允许编辑"},{"type":"field","datatype":"bool","name":"canSelect","description":"是否允许选中"},{"type":"field","datatype":"bool","name":"canEvent","description":"是否允许触发事件"},{"type":"field","datatype":"Tooltip","name":"tooltip","description":"与此元素所关联的Tooltip"},{"type":"field","datatype":"Line[]","name":"lines","description":"与此元素所关联的连线对象"}],"functions":[{"type":"function","params":[],"return":null,"name":"invalidLayout()","description":"使该元素的布局无效，并导致更新布局"},{"type":"function","params":[],"return":null,"name":"onClick(callback)","description":"当点击元素时发生回调"},{"type":"function","params":[],"return":null,"name":"onHover(callback)","description":"当鼠标悬停元素时发生回调"},{"type":"function","params":[],"return":null,"name":"onLeave(callback)","description":"当鼠标离开元素时发生回调"},{"type":"function","params":[],"return":null,"name":"onLayout(callback)","description":"当元素布局发送变化时发生回调"},{"type":"function","params":[{"type":"param","datatype":"string","name":"text","description":" true 显示的文本"}],"return":"Tooltip","name":"onLayout(callback)","description":"设置该元素的标注"},{"type":"function","params":[{"type":"param","datatype":"number","name":"scale","description":" true 缩放比例"}],"return":null,"name":"setScale(scale)","description":"设置该元素的缩放比例"},{"type":"function","params":[],"return":null,"name":"updateBounds(g)","description":"在绘制前更新元素的几何区域，并引发onLayout事件"},{"type":"function","params":[],"return":"在范围内返回true，否则为false","name":"testPoint(x,y)","description":"测试点是否在元素区域内"},{"type":"function","params":[{"type":"param","datatype":"Animation","name":"ani","description":" true 需要添加的动画实例"}],"return":"返回动画id","name":"setAnimation(ani)","description":"为元素添加一个动画"},{"type":"function","params":[{"type":"param","datatype":"number","name":"id","description":" true 动画id"}],"return":null,"name":"removeAnimation(id)","description":"移除该元素所绑定的动画"},{"type":"function","params":[],"return":null,"name":"clearAnimation()","description":"清除该元素所绑定的所有动画"},{"type":"function","params":[],"return":null,"name":"dispose()","description":"释放该元素所占用的所有资源"}],"name":"GeoElement","description":"基础几何元素，可见的元素的基类"}]