[{"type":"class","inherit":null,"constructor":null,"fields":[],"functions":[{"type":"function","params":[{"type":"param","datatype":"Element[]","name":"elements","description":" 在此元素数组中不重复"}],"return":null,"name":"generateId(elements)","description":"生成一个随机的Id"},{"type":"function","params":[{"type":"param","datatype":"string","name":"jsonString","description":" true json字符串"}],"return":null,"name":"fromJson(jsonString, div, autoSize)","description":"从Json中反序列化为对象"},{"type":"function","params":[],"return":null,"name":"disposeAll()","description":"释放所有元素"}],"name":"Global","description":"全局函数"}]