[{"type":"class","inherit":"GeoElement","constructor":null,"fields":[{"type":"field","datatype":"Element[]","name":"elements","description":"获取子元素"},{"type":"field","datatype":"Element[]","name":"editMode","description":"获取组的编辑模式"}],"functions":[{"type":"function","params":[],"return":null,"name":"offset(x,y)","description":"组以相对位置进行偏移"},{"type":"function","params":[],"return":null,"name":"move(x,y)","description":"组以位置进行移动"},{"type":"function","params":[],"return":null,"name":"add(ele)","description":"添加一个元素"},{"type":"function","params":[],"return":null,"name":"updateBounds(g)","description":"更新几何布局"}],"name":"Group","description":"群组元素\\r\\n该元素将根据内容元素大小，位置形成几何形体\\r\\n该元素与关联的元素均以独立元素形式呈现"}]