[{"type":"class","inherit":"Element","constructor":null,"fields":[{"type":"field","datatype":"number","name":"mode","description":"层的类型，其类型为枚举值LayerMode\\r\\nForce: 1,前景层，其坐标固定为0，大小固定为舞台大小，不随场景大小变化，第一响应事件\\r\\nAction 0,动作层，其坐标大小为随场景变化，第二优先响应事件\\r\\nBackground: 2,背景层，其坐标大小为随场景变化，无事件响应\\r\\nVirtual: 3，虚拟层，其坐标固定为0，大小固定为舞台大小,所有元素均为一次性，动作完成元素即被清除"}],"functions":[{"type":"function","params":[{"type":"param","datatype":"Element","name":"ele","description":" true 操作额元素"}],"return":null,"name":"toFront(ele)","description":"将元素放置于最顶层"},{"type":"function","params":[{"type":"param","datatype":"Element","name":"ele","description":" true 操作额元素"}],"return":null,"name":"toBack(ele)","description":"将元素放置于最底层"},{"type":"function","params":[],"return":null,"name":"refresh()","description":"立即刷新层"},{"type":"function","params":[{"type":"param","datatype":"Element","name":"ele","description":" true 操作的元素"}],"return":null,"name":"remove(ele)","description":"移除某个元素"},{"type":"function","params":[],"return":null,"name":"clear()","description":"清除所有元素"},{"type":"function","params":[{"type":"param","datatype":"Element","name":"ele","description":" true 操作的元素"}],"return":null,"name":"add(ele)","description":"添加某个元素"},{"type":"function","params":[],"return":"操作的元素","name":"getHoverElement()","description":"获取当前悬停的元素"},{"type":"function","params":[],"return":"Element元素","name":"getHoverElement()","description":"获取当前悬停的元素"},{"type":"function","params":[],"return":"Element选中的元素","name":"getSelectedElement()","description":"获取选中的元素"},{"type":"function","params":[],"return":null,"name":"cancelSelected()","description":"取消本次选中"},{"type":"function","params":[],"return":"Element选中的元素","name":"selectAll()","description":"选中所有元素"},{"type":"function","params":[],"return":null,"name":"findElementById(id)","description":"按id查找元素"}],"name":"Layer","description":"层"}]