[{"type":"class","inherit":null,"constructor":null,"fields":[],"functions":[{"type":"function","params":[{"type":"param","datatype":"AlignMode","name":"alignMode","description":" true 对齐方式"},{"type":"param","datatype":"Element[]","name":"elements","description":" true 需要进行对齐的元素"},{"type":"param","datatype":"Element","name":"ele","description":" false 参照元素,空则按第一个元素进行对齐"}],"return":null,"name":"align(alignMode, elements, ele)","description":"将元素进行对齐"},{"type":"function","params":[{"type":"param","datatype":"AlignMode","name":"alignMode","description":" true 排列方式"},{"type":"param","datatype":"Element[]","name":"elements","description":" true 需要进行排列的元素"},{"type":"param","datatype":"Element","name":"ele","description":" false 参照元素,缺省按第一个元素进行排列"}],"return":null,"name":"arrange(arrangeMode, elements, ele)","description":"将元素进行排列"},{"type":"function","params":[{"type":"param","datatype":"Element[]","name":"elements","description":" true 需要布局的元素"},{"type":"param","datatype":"number","name":"cols","description":" true 列数"},{"type":"param","datatype":"Rect","name":"rect","description":" true 布局参考的矩形位"},{"type":"param","datatype":"number","name":"row","description":" false 行数，缺省为1"}],"return":null,"name":"table(elements, cols, rect, row)","description":"将元素进行表格化布局"},{"type":"function","params":[{"type":"param","datatype":"Element[]","name":"elements","description":" true 需要布局的元素"},{"type":"param","datatype":"number|Rect","name":"stand","description":" true 参照区域"},{"type":"param","datatype":"number","name":"margin","description":" true 间隙大小"}],"return":null,"name":"flow(elements, stand, margin)","description":"将元素进行流布局"},{"type":"function","params":[{"type":"param","datatype":"Element[]","name":"elements","description":" true 需要布局的元素"},{"type":"param","datatype":"number","name":"radius","description":" true 环绕的半径"},{"type":"param","datatype":"Element","name":"stand","description":" false 参考的中心环绕元素，缺省为第一个元素"},{"type":"param","datatype":"number","name":"startangle","description":" false 开始的角度，缺省为0度"}],"return":null,"name":"around(elements, radius, stand, startangle)","description":"将元素进行环绕布局"},{"type":"function","params":[{"type":"param","datatype":"Element","name":"element","description":" true 需要布局的元素"},{"type":"param","datatype":"Rect","name":"rect","description":" true 矩形区域"}],"return":null,"name":"center(element, rect)","description":"将元素在矩形范围内居中"}],"name":"Layout","description":"布局模式\\r\\n这是一个方便进行排列对齐等布局的帮助函数集"}]