[{"type":"class","inherit":"NodeElement","constructor":null,"fields":[{"type":"field","datatype":"bool","name":"arrowSize","description":"是否为自动大小"},{"type":"field","datatype":"number","name":"arrowDirection","description":"获取或设置箭头方向"},{"type":"field","datatype":"number","name":"arrowStyle","description":"获取或设置箭头样式"},{"type":"field","datatype":"Animation[]","name":"bindPathAnimations","description":"获取所绑定的路径动画"},{"type":"field","datatype":"Element","name":"startNode","description":"获取或设置开始元素"},{"type":"field","datatype":"Element","name":"endNode","description":"获取或设置结束元素"},{"type":"field","datatype":"number[]","name":"arrows","description":"获取或设置箭头集合"},{"type":"field","datatype":"Array","name":"points","description":"获取线索形成的点集合"},{"type":"field","datatype":"Array","name":"textBlocks","description":"获取文本块集合"},{"type":"field","datatype":"bool","name":"animationInvalid","description":"获取或设置绑定的动画是否无效，从而导致重绘"},{"type":"field","datatype":"Element","name":"startNode","description":"获取或设置开始元素"},{"type":"field","datatype":"Element","name":"endNode","description":"获取或设置结束元素"},{"type":"field","datatype":"boolean","name":"onEdge","description":"获取或设置是否连接元素的边缘，默认为false，对于直角连线，则自动寻找对应方向"}],"functions":[{"type":"function","params":[{"type":"param","datatype":"string","name":"text","description":" true 显示的字符串文本"},{"type":"param","datatype":"number","name":"align","description":" true 文本的对齐方式"},{"type":"param","datatype":"string","name":"color","description":" false 文本颜色"}],"return":null,"name":"setTextBlock(text, align,color)","description":"设置文本块"},{"type":"function","params":[{"type":"param","datatype":"number","name":"x","description":" true 点的x坐标"},{"type":"param","datatype":"number","name":"y","description":" true 点的y坐标"}],"return":"在直线上返回true，否则返回false","name":"testPoint(x, y)","description":"测试点是否再直线上"},{"type":"function","params":[{"type":"param","datatype":"Array","name":"nodes","description":" false 显示端点的类型集合，默认为全部显示"}],"return":null,"name":"showNodes(nodes)","description":"显示端点"},{"type":"function","params":[{"type":"param","datatype":"number","name":"x","description":" true 点的x坐标"},{"type":"param","datatype":"number","name":"y","description":" true 点的y坐标"}],"return":null,"name":"lineTo(x, y)","description":"设置直线的结束点"},{"type":"function","params":[{"type":"param","datatype":"number","name":"x","description":" true 点的x偏移"},{"type":"param","datatype":"number","name":"y","description":" true 点的y偏移"},{"type":"param","datatype":"number","name":"ongrid","description":" false 是否按网格移动，默认为false"}],"return":null,"name":"moveTo(x, y)","description":"设置直线偏移量"},{"type":"function","params":[{"type":"param","datatype":"number","name":"x","description":" true 点的x坐标"},{"type":"param","datatype":"number","name":"y","description":" true 点的y坐标"},{"type":"param","datatype":"number","name":"ongrid","description":" false 是否按网格移动，默认为false"}],"return":null,"name":"moveTo(x, y)","description":"移动直线至坐标"},{"type":"function","params":[{"type":"param","datatype":"number","name":"endpointMode","description":" true 端点类型"}],"return":"返回端点实例EndPoint","name":"getNode(endpointMode)","description":"按端点类型获取一个调节端点"}],"name":"LineElement","description":"直线元素"}]