[{"type":"class","inherit":"LineElement","constructor":null,"fields":[],"functions":[{"type":"function","params":[{"type":"param","datatype":"Element","name":"start","description":" true 开始元素，取元素中心点"},{"type":"param","datatype":"Element","name":"end","description":" true 结束元素，取元素中心点"},{"type":"param","datatype":"bool","name":"onEdge","description":" false 是否在元素边缘，默认为false"}],"return":null,"name":"setStartAndEnd(start, end, onedge)","description":"设置连线的起始点"},{"type":"function","params":[{"type":"param","datatype":"Element|EndPoint","name":"start","description":" true 开始元素节点,或元素，如果为节点，sm为空，如果为元素，sm为元素的节点类型"},{"type":"param","datatype":"Element|EndPoint","name":"end","description":" true 结束元素节点,或元素，如果为节点，em为空，如果为元素，em为元素的节点类型"},{"type":"param","datatype":"number","name":"sm","description":" false 开始元素的节点类型，start为开始元素节点时此参数无效"},{"type":"param","datatype":"number","name":"em","description":" false 结束元素的节点类型，start为开始元素节点时此参数无效"},{"type":"param","datatype":"bool","name":"onEdge","description":" false 是否在元素边缘，默认为false"}],"return":null,"name":"setStartAndEnd(start, end, sm, em)","description":"设置连线的起始点"}],"name":"LinkElement","description":"连接线元素"}]