[{"type":"class","inherit":"BaseTextElement","constructor":null,"fields":[{"type":"field","datatype":"Array[]","name":"displayNodes","description":"获取展示的端点的数组"},{"type":"field","datatype":"EndPoint","name":"controlNode","description":"获取当前的调节端点"},{"type":"field","datatype":"EndPoint[]","name":"nodes","description":"获取所拥有的所有端点"},{"type":"field","datatype":"EndPoint","name":"hoverNode","description":"获取当前悬停的端点"},{"type":"field","datatype":"EditMode","name":"editMode","description":"获取元素当前进入的编辑状态"}],"functions":[{"type":"function","params":[{"type":"param","datatype":"number","name":"x","description":" true x坐标"},{"type":"param","datatype":"number","name":"y","description":" true y坐标"}],"return":"返回命中的端点EndPoint","name":"testNode(x, y)","description":"测试坐标是否能命中端点"},{"type":"function","params":[{"type":"param","datatype":"number","name":"mode","description":" true 编辑模式，为EditMode枚举"}],"return":null,"name":"setEditMode(mode)","description":"设置元素的编辑模式"},{"type":"function","params":[{"type":"param","datatype":"Array","name":"disnodes","description":" true 端点类型数组,缺省则显示所有端点"}],"return":null,"name":"showNodes(disnodes)","description":"指定显示某些端点"},{"type":"function","params":[{"type":"param","datatype":"EndPointMode","name":"endpointMode","description":" true 端点类型"}],"return":"返回端点EndPoint","name":"showNodes(disnodes)","description":"按端点类型获取一个调节端点"},{"type":"function","params":[],"return":null,"name":"resetNodeLocation()","description":"重置所有端点位置"},{"type":"function","params":[],"return":null,"name":"hideNodes()","description":"隐藏所有端点"}],"name":"NodeElement","description":"基础节点元素"}]