[{"type":"class","inherit":"RectElement","constructor":null,"fields":[{"type":"field","datatype":"Element[]","name":"elements","description":"获取子元素"}],"functions":[{"type":"function","params":[{"type":"param","datatype":"function","name":"callback","description":" true 回调函数"}],"return":null,"name":"onClick(callback)","description":"添加面板的点击事件"},{"type":"function","params":[{"type":"param","datatype":"Element","name":"ele","description":" true 被添加的元素"}],"return":null,"name":"add(ele)","description":"添加一个元素"}],"name":"Panel","description":"面板容器元素\\r\\nPanel具备真实大小的及位置信息，子元素形成包含关系"}]