[{"type":"class","inherit":"NodeElement","constructor":null,"fields":[{"type":"field","datatype":"Point[][]","name":"pathPoints","description":"获取由路线形成的二维点数组"},{"type":"field","datatype":"Point[]","name":"points","description":"获取所有的点坐标"},{"type":"field","datatype":"number","name":"path","description":"获取或设置路径,路径以空格分开，例如：0,10 50,10 50,0 80,25 50,50 50,40 0,40"},{"type":"field","datatype":"number","name":"rotate","description":"获取或设置旋转角度"}],"functions":[],"name":"PolygonElement","description":"多边形元素"}]