[{"type":"class","inherit":"LinkElement","constructor":null,"fields":[{"type":"field","datatype":"number","name":"startDirection","description":"获取连线开始的方向"},{"type":"field","datatype":"number","name":"endDirection","description":"获取连线结束的方向"},{"type":"field","datatype":"number","name":"minInflexion","description":"最小转折点"}],"functions":[{"type":"function","params":[],"return":null,"name":"setStartAndEnd(start, end)","description":"设置连线的起始点,不实现此函数"},{"type":"function","params":[{"type":"param","datatype":"Element|EndPoint","name":"start","description":" true 开始元素节点,或元素，如果为节点，sm为空，如果为元素，sm为元素的节点类型"},{"type":"param","datatype":"Element|EndPoint","name":"end","description":" true 结束元素节点,或元素，如果为节点，em为空，如果为元素，em为元素的节点类型"},{"type":"param","datatype":"number","name":"sm","description":" false 开始元素的节点类型，start为开始元素节点时此参数无效"},{"type":"param","datatype":"number","name":"em","description":" false 结束元素的节点类型，start为开始元素节点时此参数无效"}],"return":null,"name":"setStartAndEnd(start, end, sm, em)","description":"设置连线的起始点"},{"type":"function","params":[{"type":"param","datatype":"EndPoint","name":"start","description":" true 开始元素节点"},{"type":"param","datatype":"EndPoint","name":"end","description":" true 结束元素节点"},{"type":"param","datatype":"number","name":"sm","description":" false 开始元素的开始方向"},{"type":"param","datatype":"number","name":"em","description":" false 结束元素的结束方向"}],"return":null,"name":"setStartAndEndDirection(start, end, sm, em)","description":"以指定方向设置直角连线的起始点"}],"name":"RAngleLinkElement","description":"直角连线元素"}]