[{"type":"class","inherit":null,"constructor":{"type":"constructor","return":"void","params":[{"type":"param","datatype":"number","name":"x","description":" true x."},{"type":"param","datatype":"number","name":"y","description":" true y."},{"type":"param","datatype":"number","name":"width","description":" true width."},{"type":"param","datatype":"number","name":"height","description":" true height."}],"name":"矩形结构","description":"矩形结构"},"fields":[{"type":"field","datatype":"number","name":"bounds","description":"矩形的范围"},{"type":"field","datatype":"Point","name":"center","description":"矩形的中心点"}],"functions":[{"type":"function","params":[{"type":"param","datatype":"Rect","name":"x","description":" true 相交测试的矩形"}],"return":null,"name":"intersect","description":"是否与另一个矩形相交"}],"name":"Rect","description":"矩形结构"}]