[{"type":"class","inherit":"Element","constructor":null,"fields":[{"type":"field","datatype":"number","name":"width","description":"获取或设置场景的宽度"},{"type":"field","datatype":"number","name":"height","description":"获取或设置场景的高度"},{"type":"field","datatype":"Mode","name":"mode","description":"获取或设置场景的模式"},{"type":"field","datatype":"Mode","name":"x","description":"获取或设置场景的x坐标"},{"type":"field","datatype":"Mode","name":"y","description":"获取或设置场景的y坐标"}],"functions":[{"type":"function","params":[],"return":null,"name":"showBirdsEye()","description":"呈现鸟瞰视图"},{"type":"function","params":[{"type":"param","datatype":"Layer","name":"layer","description":" true 层"},{"type":"param","datatype":"number","name":"layermode","description":" true 层类型"}],"return":null,"name":"setScale(scale, layermode)","description":"设置一个层"},{"type":"function","params":[{"type":"param","datatype":"number","name":"scale","description":" true 缩放比例"},{"type":"param","datatype":"number","name":"layermode","description":" true 层类型"}],"return":null,"name":"setScale(scale, layermode)","description":"设置某层缩放比例"},{"type":"function","params":[{"type":"param","datatype":"Element","name":"ele","description":" true 待添加的元素"},{"type":"param","datatype":"number","name":"layermode","description":" true 层类型"}],"return":null,"name":"addElement(ele, layermode)","description":"在某层下添加一个元素"},{"type":"function","params":[{"type":"param","datatype":"number","name":"layermode","description":" true 层类型"},{"type":"param","datatype":"function","name":"callback","description":" true 遍历时回调函数fn(ele)"}],"return":null,"name":"foreach( layermode,callback)","description":"遍历某层的所有元素"},{"type":"function","params":[{"type":"param","datatype":"number","name":"layermode","description":" true 层类型"},{"type":"param","datatype":"function","name":"callback","description":" true 遍历时回调函数，如果符合条件返回true"}],"return":"找到的元素Element","name":"find( layermode,callback)","description":"查找某层的元素"},{"type":"function","params":[{"type":"param","datatype":"number","name":"layermode","description":" false 层类型，默认为action层"}],"return":null,"name":"clear( layermode)","description":"指定清除某个层下所有元素"},{"type":"function","params":[{"type":"param","datatype":"Element","name":"ele","description":" true 需要移除的元素"},{"type":"param","datatype":"number","name":"layermode","description":" true 层类型"}],"return":null,"name":"remove(ele, layermode)","description":"移除某层的指定元素"},{"type":"function","params":[{"type":"param","datatype":"Element","name":"ele","description":" true 待定位的中心元素"}],"return":null,"name":"toCenter(ele)","description":"定位某个元素，并以元素为中心平移"}],"name":"Scene","description":"场景"}]