[{"type":"class","inherit":"Element","constructor":{"type":"constructor","return":"void","params":[{"type":"param","datatype":"string|dom","name":"div","description":" true 需要填充的div的id或者dom实例."}],"name":"Stage(div)","description":"实例化一个舞台"},"fields":[{"type":"field","datatype":"bool","name":"autoSize","description":"获取或设置舞台是否自动大小"},{"type":"field","datatype":"Debugger","name":"debugger","description":"获取调试器"},{"type":"field","datatype":"bool","name":"isinited","description":"是否初始化完毕"},{"type":"field","datatype":"bool","name":"canRender","description":"是否允许渲染该舞台"},{"type":"field","datatype":"string","name":"cursor","description":"获取或设置当前的鼠标样式"}],"functions":[{"type":"function","params":[{"type":"param","datatype":"function","name":"callback","description":" true 生成图片的回调函数"},{"type":"param","datatype":"number","name":"w","description":" false 生成图片宽度"},{"type":"param","datatype":"number","name":"h","description":" false 生成图片宽度"}],"return":null,"name":"createImage(callback, w, h)","description":"按尺寸生成png图片"},{"type":"function","params":[],"return":null,"name":"stopRender()","description":"停止渲染"},{"type":"function","params":[],"return":null,"name":"stopRender()","description":"开始渲染"},{"type":"function","params":[{"type":"param","datatype":"Sence","name":"scene","description":" true 需要添加的场景"}],"return":null,"name":"addScene(scene)","description":"添加一个场景"},{"type":"function","params":[{"type":"param","datatype":"Sence","name":"i","description":" true 场景索引"}],"return":null,"name":"changeScene(i)","description":"切换场景"},{"type":"function","params":[{"type":"param","datatype":"number","name":"w","description":" true 重置的舞台宽度"},{"type":"param","datatype":"number","name":"h","description":" true 重置的舞台高度"}],"return":null,"name":"resize(w, h)","description":"重置舞台大小"},{"type":"function","params":[],"return":null,"name":"fill()","description":"将舞台下元素以舞台大小进行填充"},{"type":"function","params":[],"return":null,"name":"fillCenter()","description":"将舞台下元素以舞台大小进行填充并居中"},{"type":"function","params":[],"return":null,"name":"dispose()","description":"释放该舞台调用的所有资源"},{"type":"function","params":[{"type":"param","datatype":"bool","name":"isenbale","description":" true true为启用，false为禁用"}],"return":null,"name":"enableContextMenu(isenbale)","description":"是否启用系统菜单，默认启用"}],"name":"Stage","description":"舞台"}]