[{"type":"class","inherit":null,"constructor":null,"fields":[],"functions":[{"type":"function","params":[{"type":"param","datatype":"number","name":"enums","description":" 枚举值"},{"type":"param","datatype":"number","name":"flag","description":" 值"}],"return":"返回bool","name":"andEnum(enums, flag)","description":"按位与"},{"type":"function","params":[{"type":"param","datatype":"number","name":"enums","description":" 枚举值"},{"type":"param","datatype":"number","name":"flag","description":" 值"}],"return":"number","name":"xorEnum(enums, flag)","description":"按位异或"},{"type":"function","params":[{"type":"param","datatype":"number","name":"enums","description":" 枚举值"},{"type":"param","datatype":"number","name":"flag","description":" 值"}],"return":"number","name":"orEnum(enums, flag)","description":"按位或"},{"type":"function","params":[{"type":"param","datatype":"string","name":"text","description":" 字符串"}],"return":"空值或空字符串都返回true，否则返回false","name":"isNullOrWhitespace(text)","description":"判断字符串是空值或空字符串"},{"type":"function","params":[{"type":"param","datatype":"Object","name":"o","description":" 对象实例"},{"type":"param","datatype":"string|Object","name":"type","description":" 类型"}],"return":"类型相同返回true，否则返回false","name":"is(o, type)","description":"类型判断"},{"type":"function","params":[{"type":"param","datatype":"number","name":"angle","description":" 角度"}],"return":"返回弧度","name":"toRadian(angle)","description":"角度转弧度"},{"type":"function","params":[{"type":"param","datatype":"number","name":"radian","description":" 弧度"}],"return":"返回角度","name":"toAngle(radian)","description":"弧度转角度"},{"type":"function","params":[{"type":"param","datatype":"Point","name":"startPoint","description":" 开始点"},{"type":"param","datatype":"Point","name":"endPoint","description":" 结束点"}],"return":"返回长度","name":"getDistance(startPoint, endPoint)","description":"获取两点间的距离"},{"type":"function","params":[{"type":"param","datatype":"number","name":"x","description":" 被测矩形x"},{"type":"param","datatype":"number","name":"y","description":" 被测矩形y"},{"type":"param","datatype":"number","name":"w","description":" 被测矩形宽度"},{"type":"param","datatype":"number","name":"h","description":" 被测矩形高度"},{"type":"param","datatype":"number","name":"px","description":" 测试矩形x"},{"type":"param","datatype":"number","name":"py","description":" 测试矩形y"},{"type":"param","datatype":"number","name":"pw","description":" 测试矩形宽度"},{"type":"param","datatype":"number","name":"ph","description":" 测试矩形高度"}],"return":"在矩形内返回true，否则返回false","name":"inRect(x, y, w, h, px, py, pw, ph)","description":"计算一个矩形是否在另一个矩形内"}],"name":"Util","description":"帮助类"}]